site_id,scene_id,date,cloud_pct,dt_days,is_reference,path,shift_dy,shift_dx
IND_PUNJAB_AGRI,S2B_43REQ_20251202_0_L2A,2025-12-02T05:50:17.024000Z,0.0,0,1,datasets/raw_temporal/IND_PUNJAB_AGRI_20251202.tif,0,0
IND_PUNJAB_AGRI,S2A_43REQ_20251129_1_L2A,2025-11-29T05:50:39.310000Z,0.0,3,0,datasets/raw_temporal/IND_PUNJAB_AGRI_20251129.tif,0,0
IND_PUNJAB_AGRI,S2C_43REQ_20251127_0_L2A,2025-11-27T05:50:31.435000Z,0.0,5,0,datasets/raw_temporal/IND_PUNJAB_AGRI_20251127.tif,0,0
USA_SALINAS_AGRI,S2B_10SFF_20250831_0_L2A,2025-08-31T19:04:20.928000Z,0.0,1079,1,datasets/raw_temporal/USA_SALINAS_AGRI_20250831.tif,0,0
USA_SALINAS_AGRI,S2A_10SFF_20250818_0_L2A,2025-08-18T19:04:34.031000Z,0.0,1067,0,datasets/raw_temporal/USA_SALINAS_AGRI_20250818.tif,0,0
USA_SALINAS_AGRI,S2A_10SFF_20251017_0_L2A,2025-10-17T19:04:34.610000Z,0.3,1127,0,datasets/raw_temporal/USA_SALINAS_AGRI_20251017.tif,0,0
IND_BENGALURU_LAKE,S2C_43PGQ_20251208_0_L2A,2025-12-08T05:25:27.691000Z,0.0,0,1,datasets/raw_temporal/IND_BENGALURU_LAKE_20251208.tif,0,0
IND_DELHI_URBAN,S2C_43RGM_20251224_0_L2A,2025-12-24T05:41:11.158000Z,0.0,0,1,datasets/raw_temporal/IND_DELHI_URBAN_20251224.tif,0,0
IND_DELHI_URBAN,S2A_43RGM_20251216_1_L2A,2025-12-16T05:41:18.742000Z,0.0,8,0,datasets/raw_temporal/IND_DELHI_URBAN_20251216.tif,0,0
IND_DELHI_URBAN,S2B_43RGM_20251209_0_L2A,2025-12-09T05:41:00.808000Z,0.0,16,0,datasets/raw_temporal/IND_DELHI_URBAN_20251209.tif,0,0
IND_BENGALURU_LAKE,S2B_43PGQ_20251213_0_L2A,2025-12-13T05:25:17.637000Z,0.7,4,0,datasets/raw_temporal/IND_BENGALURU_LAKE_20251213.tif,0,0
IND_BENGALURU_LAKE,S2B_43PGQ_20251223_0_L2A,2025-12-23T05:25:18.674000Z,4.3,14,0,datasets/raw_temporal/IND_BENGALURU_LAKE_20251223.tif,0,0
IND_JAIPUR_SEMIARID,S2A_43REK_20251216_0_L2A,2025-12-16T05:41:54.167000Z,0.0,0,1,datasets/raw_temporal/IND_JAIPUR_SEMIARID_20251216.tif,0,0
IND_JAIPUR_SEMIARID,S2B_43REK_20251209_0_L2A,2025-12-09T05:41:36.247000Z,0.0,8,0,datasets/raw_temporal/IND_JAIPUR_SEMIARID_20251209.tif,0,0
IND_JAIPUR_SEMIARID,S2C_43REK_20251204_0_L2A,2025-12-04T05:41:46.177000Z,0.0,13,0,datasets/raw_temporal/IND_JAIPUR_SEMIARID_20251204.tif,0,0
DE_FRANKFURT_URBAN,S2B_32UMA_20250811_0_L2A,2025-08-11T10:37:05.048000Z,0.0,0,1,datasets/raw_temporal/DE_FRANKFURT_URBAN_20250811.tif,0,0
DE_FRANKFURT_URBAN,S2A_32UMA_20250818_1_L2A,2025-08-18T10:37:16.454000Z,1.2,7,0,datasets/raw_temporal/DE_FRANKFURT_URBAN_20250818.tif,0,0
DE_FRANKFURT_URBAN,S2A_32UMA_20250629_0_L2A,2025-06-29T10:37:19.723000Z,2.6,43,0,datasets/raw_temporal/DE_FRANKFURT_URBAN_20250629.tif,0,0
UAE_DUBAI_COAST,S2B_40RCN_20251223_0_L2A,2025-12-23T07:02:40.171000Z,0.0,0,1,datasets/raw_temporal/UAE_DUBAI_COAST_20251223.tif,0,0
UAE_DUBAI_COAST,S2B_40RCN_20251203_0_L2A,2025-12-03T07:02:36.588000Z,0.0,21,0,datasets/raw_temporal/UAE_DUBAI_COAST_20251203.tif,0,0
UAE_DUBAI_COAST,S2B_40RCN_20251123_0_L2A,2025-11-23T07:02:35.383000Z,0.0,31,0,datasets/raw_temporal/UAE_DUBAI_COAST_20251123.tif,0,0
